﻿<?xml version="1.0" encoding="utf-8"?>
<scanJob>
  <hosts>
    <host>
      <os>Ubuntu 10.04 (lucid)</os>
      <cpe>cpe:/o:canonical:ubuntu_linux:10.04</cpe>
      <audit>
        <cve>CVE-1999-0535</cve>
        <name>Password History</name>
        <description>Password History is the number of passwords Windows NT will remember so that users cannot use the same password twice. It is recommended that you set the history length to 24.  Note: Linux/Unix based systems running Samba are also affected by this notification.</description>
        <risk>Low</risk>
        <fixInformation>&lt;div&gt;&lt;b&gt;For Windows:&lt;/b&gt;&lt;BR /&gt;
Set the Password History to 24 or appropriate value:&lt;BR /&gt;
&lt;li&gt;Open the Group Policy Editor.&lt;/li&gt;
&lt;li&gt;Within Computer Configuration policy, navigate to Windows Settings &gt; Security Settings &gt; Account Policies &gt; Password Policy.&lt;/li&gt;
&lt;li&gt;Double-click on the setting named "Enforce password history" to edit the Properties.&lt;/li&gt;
&lt;li&gt;Enter the amount of passwords to be remembered (Recommended 24 or greater).&lt;/li&gt;
&lt;BR /&gt;&lt;BR /&gt;
&lt;b&gt;For Samba:&lt;/b&gt;&lt;BR /&gt;
Samba implementations vary depending on operating system.  However, a generalized guide on configuring Samba can be found at:&lt;BR /&gt;
http://dp.samba.org/samba/docs/man/Samba-HOWTO-Collection/&lt;/div&gt;</fixInformation>
        <exploit>No</exploit>
        <context>N/A</context>
        <cwe>N/A</cwe>
      </audit>
      <audit>
        <cve>N/A</cve>
        <name>User Never Logged On</name>
        <description>It is suggested that you review this user account. If it is not needed or was not created by an administrator of your network, it is suggested that you disable or delete it.</description>
        <risk>Information</risk>
        <fixInformation>&lt;b&gt;To delete the account&lt;/b&gt;&lt;BR&gt;&lt;BR&gt;
&lt;b&gt;For Windows:&lt;/b&gt;&lt;UL&gt;
 &lt;li&gt; 1. Open User Manager&lt;/li&gt;
 &lt;li&gt; 2. Select the account to delete&lt;/li&gt;
 &lt;li&gt; 3. Press the "Delete" key&lt;/li&gt;
 &lt;li&gt; 4. Click "Ok"&lt;/li&gt;&lt;/UL&gt;
  
  &lt;b&gt;To disable the account (non-built-in accounts only):&lt;/b&gt;&lt;ul&gt;
  &lt;li&gt;1. Open User Manager&lt;/li&gt;
  &lt;li&gt;2. Select the account to disable&lt;/li&gt;
  &lt;li&gt;3. Select Properties from the User menu&lt;/li&gt;
  &lt;li&gt;4. Check "Account Disabled"&lt;/li&gt;
  &lt;li&gt;5. Click "Ok"&lt;/li&gt;&lt;/ul&gt;

&lt;b&gt;For Samba:&lt;/b&gt;&lt;BR&gt;&lt;BR&gt;
Samba implementations vary depending on operating system.  However, a generalized guide on configuring Samba can be found at:
http://dp.samba.org/samba/docs/man/Samba-HOWTO-Collection/</fixInformation>
        <exploit>No</exploit>
        <context>nobody (Samba)</context>
        <cwe>N/A</cwe>
      </audit>
      <audit>
        <cve>N/A</cve>
        <name>SSH Local Access Not Available</name>
        <description>Retina was unable to login to the remote system via SSH.</description>
        <risk>Information</risk>
        <fixInformation>Please verify your login credentials are correct.</fixInformation>
        <exploit>No</exploit>
        <context>TCP:22</context>
        <cwe>N/A</cwe>
      </audit>
      <audit>
        <cve>N/A</cve>
        <name>FTP Server Detected</name>
        <description>A FTP (File Transfer Protocol) server is listening on this port.</description>
        <risk>Information</risk>
        <fixInformation>When using FTP, data such as usernames and passwords are transferred in cleartext by default. Attackers may be able to eavesdrop on a FTP session and obtain credentials.&lt;BR&gt;
&lt;BR&gt;
If possible, switch to SFTP (SSH File Transfer Protocol) or FTPS (FTP Over SSL/TLS) instead. If switching to a secure protocol is not possible in your environment, restrict access to the FTP service as much as possible so that only specifically authorized IP addresses can utilize it.</fixInformation>
        <exploit>No</exploit>
        <context>TCP:21</context>
        <cwe>N/A</cwe>
      </audit>
      <audit>
        <cve>N/A</cve>
        <name>HTTP 1.1 Protocol Detected</name>
        <description>This is an informational check.  Retina has detected version 1.1 of the HTTP Protocol on the target system.</description>
        <risk>Information</risk>
        <fixInformation>This is an informational check.  Retina has detected version 1.1 of the HTTP Protocol on the target system.</fixInformation>
        <exploit>No</exploit>
        <context>TCP:80</context>
        <cwe>N/A</cwe>
      </audit>
      <audit>
        <cve>N/A</cve>
        <name>HTTP 1.1 Protocol Detected</name>
        <description>This is an informational check.  Retina has detected version 1.1 of the HTTP Protocol on the target system.</description>
        <risk>Information</risk>
        <fixInformation>This is an informational check.  Retina has detected version 1.1 of the HTTP Protocol on the target system.</fixInformation>
        <exploit>No</exploit>
        <context>TCP:443</context>
        <cwe>N/A</cwe>
      </audit>
      <audit>
        <cve>N/A</cve>
        <name>HTTP Gzip Compression Detected</name>
        <description>Retina has detected that the targeted system allows gzip content encoding.</description>
        <risk>Information</risk>
        <fixInformation>This is an informational check.  Retina has detected that the targeted system allows gzip content encoding.</fixInformation>
        <exploit>No</exploit>
        <context>TCP:80</context>
        <cwe>N/A</cwe>
      </audit>
      <audit>
        <cve>N/A</cve>
        <name>HTTP Gzip Compression Detected</name>
        <description>Retina has detected that the targeted system allows gzip content encoding.</description>
        <risk>Information</risk>
        <fixInformation>This is an informational check.  Retina has detected that the targeted system allows gzip content encoding.</fixInformation>
        <exploit>No</exploit>
        <context>TCP:443</context>
        <cwe>N/A</cwe>
      </audit>
      <audit>
        <cve>N/A</cve>
        <name>SSL Certificate Public Key Algorithm</name>
        <description>This is an informational check.  Retina has detected the certificate's public key algorithm.</description>
        <risk>Information</risk>
        <fixInformation>This is an informational check.  Ensure the certificate is using an accepted public key algorithm.</fixInformation>
        <exploit>No</exploit>
        <context>TCP:443 (*.csiro.au)</context>
        <cwe>N/A</cwe>
      </audit>
      <audit>
        <cve>N/A</cve>
        <name>SSL Certificate Public Key Algorithm</name>
        <description>This is an informational check.  Retina has detected the certificate's public key algorithm.</description>
        <risk>Information</risk>
        <fixInformation>This is an informational check.  Ensure the certificate is using an accepted public key algorithm.</fixInformation>
        <exploit>No</exploit>
        <context>TCP:443 (COMODO RSA Organization Validation Secure Server CA) [[]Chain]</context>
        <cwe>N/A</cwe>
      </audit>
      <audit>
        <cve>N/A</cve>
        <name>SSL Certificate Public Key Algorithm</name>
        <description>This is an informational check.  Retina has detected the certificate's public key algorithm.</description>
        <risk>Information</risk>
        <fixInformation>This is an informational check.  Ensure the certificate is using an accepted public key algorithm.</fixInformation>
        <exploit>No</exploit>
        <context>TCP:443 (COMODO RSA Certification Authority) [[]Chain]</context>
        <cwe>N/A</cwe>
      </audit>
      <audit>
        <cve>N/A</cve>
        <name>SSL Certificate Version</name>
        <description>This is an informational check.  Retina has detected the certificate's version.</description>
        <risk>Information</risk>
        <fixInformation>This is an informational check.  Ensure the certificate is using an acceptable version.</fixInformation>
        <exploit>No</exploit>
        <context>TCP:443 (*.csiro.au)</context>
        <cwe>N/A</cwe>
      </audit>
      <audit>
        <cve>N/A</cve>
        <name>SSL Certificate Version</name>
        <description>This is an informational check.  Retina has detected the certificate's version.</description>
        <risk>Information</risk>
        <fixInformation>This is an informational check.  Ensure the certificate is using an acceptable version.</fixInformation>
        <exploit>No</exploit>
        <context>TCP:443 (COMODO RSA Organization Validation Secure Server CA) [[]Chain]</context>
        <cwe>N/A</cwe>
      </audit>
      <audit>
        <cve>N/A</cve>
        <name>SSL Certificate Version</name>
        <description>This is an informational check.  Retina has detected the certificate's version.</description>
        <risk>Information</risk>
        <fixInformation>This is an informational check.  Ensure the certificate is using an acceptable version.</fixInformation>
        <exploit>No</exploit>
        <context>TCP:443 (COMODO RSA Certification Authority) [[]Chain]</context>
        <cwe>N/A</cwe>
      </audit>
      <audit>
        <cve>CVE-2010-3069</cve>
        <name>Samba SID Parsing Buffer Overflow</name>
        <description>Samba contains a stack-based buffer overflow when parsing crafted, client-supplied file share SIDs.  Successful exploitation could allow execution of arbitrary code or could cause a denial of service.&lt;BR /&gt;&lt;BR /&gt;Note: This audit may report false findings on systems running backported versions of Samba.</description>
        <risk>High</risk>
        <fixInformation>Upgrade Samba to version 3.5.5, 3.4.9, 3.3.14, or newer; or install updated packages from appropriate vendor.</fixInformation>
        <exploit>No</exploit>
        <context>TCP:445</context>
        <cwe>N/A</cwe>
      </audit>
      <audit>
        <cve>CVE-2011-0719</cve>
        <name>Samba FD_SET Stack Corruption Denial of Service</name>
        <description>Samba contains a vulnerability in the FD_SET macro when handling file descriptors.  Attackers that are able to establish a connection to a file share could exploit this vulnerability to corrupt stack memory and thus cause a denial of service condition.</description>
        <risk>Medium</risk>
        <fixInformation>Upgrade Samba to version 3.3.15, 3.4.12, 3.5.7, or newer; or install updated packages from appropriate vendor.</fixInformation>
        <exploit>No</exploit>
        <context>TCP:445</context>
        <cwe>N/A</cwe>
      </audit>
      <audit>
        <cve>CVE-2012-1182</cve>
        <name>Samba Multiple Vulnerabilities (20120410)</name>
        <description>Samba contains a vulnerability when handling crafted RPC calls.  Successful exploitation could allow unauthenticated attackers to remotely execute arbitrary code as root.</description>
        <risk>High</risk>
        <fixInformation>Upgrade Samba to version 3.6.4, 3.5.14, 3.4.16, or newer.</fixInformation>
        <exploit>Yes</exploit>
        <context>TCP:445</context>
        <cwe>N/A</cwe>
      </audit>
      <audit>
        <cve>CVE-2012-2111</cve>
        <name>Samba Remote Security Bypass (20120430)</name>
        <description>Samba contains a vulnerability when handling certain LSA RPC procedures (i.e. CreateAccount, OpenAccount, AddAccountRights, and RemoveAccountRights).  Successful exploitation could allow authenticated attackers to grant themselves the "take ownership" privilege on arbitrary files and directories.</description>
        <risk>Medium</risk>
        <fixInformation>Upgrade Samba to version 3.6.5, 3.5.15, 3.4.17, or newer.</fixInformation>
        <exploit>No</exploit>
        <context>TCP:445</context>
        <cwe>N/A</cwe>
      </audit>
      <audit>
        <cve>N/A</cve>
        <name>Web Server Default Install Page Detected - Apache</name>
        <description>Retina has detected a web server's default install page.</description>
        <risk>Information</risk>
        <fixInformation>Configure the web server or disable if not needed.</fixInformation>
        <exploit>No</exploit>
        <context>TCP:80</context>
        <cwe>N/A</cwe>
      </audit>
      <audit>
        <cve>N/A</cve>
        <name>NetBIOS/SMB Information Disclosure</name>
        <description>Retina has detected a target running a SMB service which responds to SMB requests with potentially sensitive information about the network.</description>
        <risk>Information</risk>
        <fixInformation>This is an informational check.</fixInformation>
        <exploit>No</exploit>
        <context>UDP:137</context>
        <cwe>N/A</cwe>
      </audit>
      <audit>
        <cve>N/A</cve>
        <name>SMTP Server Detected</name>
        <description>A SMTP server is listening on this port.</description>
        <risk>Information</risk>
        <fixInformation>SMTP servers are often targeted by spammers and phishers and should be disabled if they are not being used. If they are being used, consider filtering incoming traffic to this port.</fixInformation>
        <exploit>No</exploit>
        <context>TCP:25</context>
        <cwe>N/A</cwe>
      </audit>
      <audit>
        <cve>N/A</cve>
        <name>SMB/CIFS Server Detected</name>
        <description>Retina has detected a Server Message Block (SMB) or Common Internet File System (CIFS) protocol server.  This service is used to allow access to shared files/printers on a network.</description>
        <risk>Information</risk>
        <fixInformation>This is an informational check. No action is required.</fixInformation>
        <exploit>No</exploit>
        <context>TCP:139</context>
        <cwe>N/A</cwe>
      </audit>
      <audit>
        <cve>N/A</cve>
        <name>SMB/CIFS Server Detected</name>
        <description>Retina has detected a Server Message Block (SMB) or Common Internet File System (CIFS) protocol server.  This service is used to allow access to shared files/printers on a network.</description>
        <risk>Information</risk>
        <fixInformation>This is an informational check. No action is required.</fixInformation>
        <exploit>No</exploit>
        <context>TCP:445</context>
        <cwe>N/A</cwe>
      </audit>
      <audit>
        <cve>CVE-2011-0762</cve>
        <name>VSFTP Denial of Service</name>
        <description>VSFTP server before 2.3.3 is prone to a remote denial-of-service vulnerability. Successfully exploiting this issue allows remote attackers to crash the affected application, denying service to legitimate users. Note: this is a remote, unauthenticated check which may cause false positives with vendor specific backported versions. Ensure that the system is properly patched.</description>
        <risk>Low</risk>
        <fixInformation>Upgrade to VSFTP 2.3.3 or later.</fixInformation>
        <exploit>Yes</exploit>
        <context>TCP:21</context>
        <cwe>N/A</cwe>
      </audit>
      <audit>
        <cve>N/A</cve>
        <name>Samba Server Detected</name>
        <description>Retina has detected an instance of a UNIX / Linux Samba server.</description>
        <risk>Information</risk>
        <fixInformation>This is an informational check.</fixInformation>
        <exploit>No</exploit>
        <context>TCP:445</context>
        <cwe>N/A</cwe>
      </audit>
      <audit>
        <cve>CVE-2013-4408,CVE-2012-6150</cve>
        <name>Samba Multiple Vulnerabilities (20131213) - Remote</name>
        <description>Samba contains multiple vulnerabilities including: a bypass vulnerability within 'winbind_name_list_to_sid_string_list()' which may be exploited by a remote attacker to access configuration files, a buffer overflow within 'dcerpc_read_ncacn_packet_done' which may be exploited via a crafted fragment length to possibly execute arbitrary code. Note - this is a remote, unauthenticated check and may cause false positives.</description>
        <risk>High</risk>
        <fixInformation>Update Samba to versions 4.1.3, 4.0.13, 3.6.22, or newer.</fixInformation>
        <exploit>No</exploit>
        <context>TCP:445</context>
        <cwe>N/A</cwe>
      </audit>
      <audit>
        <cve>N/A</cve>
        <name>Apache Default Page Detected</name>
        <description>Retina has detected the default Apache page in the webroot of the server.  This may be an indication of a misconfigured web server.</description>
        <risk>Low</risk>
        <fixInformation>This is an informational check.</fixInformation>
        <exploit>No</exploit>
        <context>TCP:80</context>
        <cwe>N/A</cwe>
      </audit>
      <audit>
        <cve>N/A</cve>
        <name>SSL/TLS Cipher Suites Supported</name>
        <description>The remote host was found to support the following set of SSL/TLS ciphers for encrypting communications.</description>
        <risk>Information</risk>
        <fixInformation>This is an informational check. No action is necessary.</fixInformation>
        <exploit>No</exploit>
        <context>TCP:443 (*.csiro.au)</context>
        <cwe>N/A</cwe>
      </audit>
      <audit>
        <cve>N/A</cve>
        <name>SSL/TLS Cipher Block Chaining Cipher Suites Supported</name>
        <description>The remote host supports Cipher Block Chaining (CBC) mode SSL/TLS ciphers. These ciphers are more secure than Electronic Codebook (ECB) mode ciphers but can lead to information disclosure if used improperly.</description>
        <risk>Information</risk>
        <fixInformation>This is an informational check. No action is required.</fixInformation>
        <exploit>No</exploit>
        <context>TCP:443 (*.csiro.au)</context>
        <cwe>N/A</cwe>
      </audit>
      <audit>
        <cve>N/A</cve>
        <name>SSL/TLS Versions Supported</name>
        <description>This finding detects which SSL and TLS protocol versions are supported by the remote service for encrypting communications.</description>
        <risk>Information</risk>
        <fixInformation>This is an informational check. No action is required.</fixInformation>
        <exploit>No</exploit>
        <context>TCP:443 (*.csiro.au)</context>
        <cwe>N/A</cwe>
      </audit>
      <audit>
        <cve>CVE-2015-5299,CVE-2015-3223,CVE-2015-5296,CVE-2015-8467,CVE-2015-5252,CVE-2015-7540,CVE-2015-5330</cve>
        <name>Samba 3.0.0 &lt; 4.3.3 Multiple Vulnerabilities</name>
        <description>Samba contains multiple vulnerabilities that can allow remote attackers to launch a denial of service attack, access files, mount a man-in-the-middle attack, and read memory. Note - this is a remote, unauthenticated check and may produce false positives.</description>
        <risk>High</risk>
        <fixInformation>Update to Samba version 4.3.3 or later.</fixInformation>
        <exploit>No</exploit>
        <context>TCP:445</context>
        <cwe>N/A</cwe>
      </audit>
    </host>
  </hosts>
</scanJob>